{
    "gameModes": [
        {
            "name": "Texas Holdem",
            "description": "The Rolls Royce of Poker.",
            "disabled": false
        },
        {
            "name": "Pot Limit Omaha",
            "description": "For those who want more cards.",
            "disabled": true
        }
    ],
    "networks": [
        {
            "name": "Optimism",
            "image": "/networkLogos/optimism-logo.png",
            "disabled": false
        },
        {
            "name": "Base",
            "image": "/networkLogos/base-logo.png",
            "disabled": true
        },
        {
            "name": "Arbitrum",
            "image": "/networkLogos/arbitrum-logo.png",
            "disabled": true
        },
        {
            "name": "Solana",
            "image": "/networkLogos/solana-logo.png",
            "disabled": true
        }
    ]
}
